DICT_FORM	UPOS	IS_DER	ORTHO	PH_TOKENS
a aciua	VERB	FALSE	a-ciu-'a	a - ch j u - ' a
a cerceta	VERB	FALSE	cer-ce-'ta	ch e r - ch e - ' t a
a completa	VERB	FALSE	com-ple-'ta	k o m - p l e - ' t a
a cosi	VERB	FALSE	co-'si	k o - ' s i
a mardi	VERB	FALSE	mar-'di	m a r - ' d i
a mâna	VERB	FALSE	mî-'na	m a@ - ' n a
a ponta	VERB	FALSE	pon-'ta	p o n - ' t a
a rândui	VERB	FALSE	rîn-du-'i	r a@ n - d u - ' i
a zice	VERB	FALSE	'zi-ce	' z i - ch e
aciuaș		TRUE	a-ciu-'aș	a - ch j u - ' a sh
actor		FALSE	ac-'tor	a k - ' t o r
actoraș		TRUE	ac-to-'raș	a k - t o - ' r a sh
albinar		FALSE	al-bi-'nar	a l - b i - ' n a r
albinărel		TRUE	al-bi-nă-'rel	a l - b i - n @ - ' r e l
alun		FALSE	a-'lun	a - ' l u n
alunaș		TRUE	a-lu-'naș	a - l u - ' n a sh
alunel		TRUE	a-lu-'nel	a - l u - ' n e l
amor		FALSE	a-'mor	a - ' m o r
amoraș		TRUE	a-mo-'raș	a - m o - ' r a sh
antrețel		TRUE	an-tre-'țel	a n - t r e - ' ts e l
antreu		FALSE	an-'treu	a n - ' t r e w
arboraș		TRUE	ar-bo-'raș	a r - b o - ' r a sh
arbore		FALSE	ar-'bo-re	a r - ' b o - r e
arc		FALSE	arc	a r k
arcaș		TRUE	ar-'caș	a r - ' k a sh
ardei		FALSE	ar-'dei	a r - ' d e j
ardeiaș		TRUE	ar-de-'iaș	a r - d e - ' j a sh
arendaș		TRUE	a-ren-'daș	a - r e n - ' d a sh
arendă		FALSE	a-'ren-dă	a - ' r e n - d @
argat		FALSE	ar-'gat	a r - ' g a t
argățel		TRUE	ar-gă-'țel	a r - g @ - ' ts e l
armaș		TRUE	ar-'maș	a r - ' m a sh
armă		FALSE	'ar-mă	' a r - m @
armăsar		FALSE	ar-mă-'sar	a r - m @ - ' s a r
armăsăraș		TRUE	ar-mă-să-'raș	a r - m @ - s @ - ' r a sh
armășel		TRUE	ar-mă-'șel	a r - m @ - ' sh e l
arnăut		FALSE	ar-nă-'ut	a r - n @ - ' u t
arnăuțel		TRUE	ar-nă-u-'țel	a r - n @ - u - ' ts e l
articol		FALSE	ar-'ti-col	a r - ' t i - k o l
articolaș		TRUE	ar-ti-co-'laș	a r - t i - k o - ' l a sh
arțar		FALSE	ar-'țar	a r - ' ts a r
arțăraș		TRUE	ar-ță-'raș	a r - ts @ - ' r a sh
auș		FALSE	a-'uș	a - ' u sh
aușel		TRUE	a-u-'șel	a - u - ' sh e l
autor		FALSE	a-u-'tor	a - u - ' t o r
autoraș		TRUE	a-u-to-'raș	a - u - t o - ' r a sh
avocat		FALSE	a-vo-'cat	a - v o - ' k a t
avocățel		TRUE	a-vo-că-'țel	a - v o - k @ - ' ts e l
baboi		FALSE	ba-'bo-i	b a - ' b o - j
baboiaș		TRUE	ba-bo-'iaș	b a - b o - ' j a sh
baider		FALSE	'bai-der	' b a j - d e r
baideraș		TRUE	ba-i-de-'raș	b a - i - d e - ' r a sh
baie		FALSE	'ba-ie	' b a - j e
balcon		FALSE	bal-'con	b a l - ' k o n
balconaș		TRUE	bal-co-'naș	b a l - k o - ' n a sh
balon		FALSE	ba-'lon	b a - ' l o n
balonaș		TRUE	ba-lo-'naș	b a - l o - ' n a sh
baltag		FALSE	bal-'tag	b a l - ' t a g
bardă		FALSE	'bar-dă	' b a r - d @
baston		FALSE	bas-'ton	b a s - ' t o n
bastonaș		TRUE	bas-to-'naș	b a s - t o - ' n a sh
baștină		FALSE	'baș-ti-nă	' b a sh - t i - n @
bădiță		FALSE	bă-'di-ță	b @ - ' d i - ts @
bădițel		TRUE	bă-di-'țel	b @ - d i - ' ts e l
băiaș		TRUE	bă-'iaș	b @ - ' j a sh
băiat		FALSE	bă-'iat	b @ - ' j a t
băietan		FALSE	bă-ie-'tan	b @ - j e - ' t a n
băietănaș		TRUE	bă-ie-tă-'naș	b @ - j e - t @ - ' n a sh
băiețaș		TRUE	bă-ie-'țaș	b @ - j e - ' ts a sh
băiețel		TRUE	bă-ie-'țel	b @ - j e - ' ts e l
bălos		FALSE	bă-'los	b @ - ' l o s
băloșel		TRUE	bă-lo-'șel	b @ - l o - ' sh e l
băltăgel		TRUE	băl-tă-'gel	b @ l - t @ - ' dz e l
bănuț		FALSE	bă-'nuț	b @ - ' n u ts
bănuțel		TRUE	bă-nu-'țel	b @ - n u - ' ts e l
bărbat		FALSE	băr-'bat	b @ r - ' b a t
bărbățel		TRUE	băr-bă-'țel	b @ r - b @ - ' ts e l
bărdaș		TRUE	băr-'daș	b @ r - ' d a sh
băștinaș		TRUE	băș-ti-'naș	b @ sh - t i - ' n a sh
bătaie		FALSE	bă-'ta-ie	b @ - ' t a - j e
bătăiaș		TRUE	bă-tă-'iaș	b @ - t @ - ' j a sh
bătrân		FALSE	bă-'trîn	b @ - ' t r a@ n
bătrânel		TRUE	bă-trî-'nel	b @ - t r a@ - ' n e l
băț		FALSE	băț	b @ ts
bâtlan		FALSE	bî-'tlan	b a@ - ' t l a n
bâtlănaș		TRUE	bî-tlă-'naș	b a@ - t l @ - ' n a sh
becher		FALSE	be-'cher	b e - ' k e r
becheraș		TRUE	be-che-'raș	b e - k e - ' r a sh
berbec		FALSE	ber-'bec	b e r - ' b e k
berbecel		TRUE	ber-be-'cel	b e r - b e - ' ch e l
bețigaș		TRUE	be-ți-'gaș	b e - ts i - ' g a sh
bilet		FALSE	bi-'let	b i - ' l e t
bilețel		TRUE	bi-le-'țel	b i - l e - ' ts e l
birt		FALSE	birt	b i r t
birtaș		TRUE	bir-'taș	b i r - ' t a sh
boarfă		FALSE	'boar-fă	' b o@ a r - f @
boboc		FALSE	bo-'boc	b o - ' b o k
bobocel		TRUE	bo-bo-'cel	b o - b o - ' ch e l
bogat		FALSE	bo-'gat	b o - ' g a t
bogătaș		TRUE	bo-gă-'taș	b o - g @ - ' t a sh
boier		FALSE	bo-'ier	b o - ' j e r
boiernaș		TRUE	bo-ier-'naș	b o - j e r - ' n a sh
bolovan		FALSE	bo-lo-'van	b o - l o - ' v a n
bolovănel		TRUE	bo-lo-vă-'nel	b o - l o - v @ - ' n e l
boltaș		TRUE	bol-'taș	b o l - ' t a sh
boltă		FALSE	'bol-tă	' b o l - t @
bondar		FALSE	bon-'dar	b o n - ' d a r
bondăraș		TRUE	bon-dă-'raș	b o n - d @ - ' r a sh
borcan		FALSE	bor-'can	b o r - ' k a n
borcănaș		TRUE	bor-că-'naș	b o r - k @ - ' n a sh
bordei		FALSE	bor-'dei	b o r - ' d e j
bordeiaș		TRUE	bor-de-'iaș	b o r - d e - ' j a sh
borfaș		TRUE	bor-'faș	b o r - ' f a sh
bostan		FALSE	bos-'tan	b o s - ' t a n
bostănel		TRUE	bos-tă-'nel	b o s - t @ - ' n e l
botoș		FALSE	bo-'toș	b o - ' t o sh
botoșel		TRUE	bo-to-'șel	b o - t o - ' sh e l
bour		FALSE	'bo-ur	' b o - u r
bourel		TRUE	bo-u-'rel	b o - u - ' r e l
brădățel		TRUE	bră-dă-'țel	b r @ - d @ - ' ts e l
brădet		FALSE	bră-'det	b r @ - ' d e t
breabăn		FALSE	'brea-băn	' b r e@ a - b @ n
breaslă		FALSE	'breas-lă	' b r e@ a s - l @
brebenel		TRUE	bre-be-'nel	b r e - b e - ' n e l
breslaș		TRUE	bres-'laș	b r e s - ' l a sh
brotac		FALSE	bro-'tac	b r o - ' t a k
brotăcel		TRUE	bro-tă-'cel	b r o - t @ - ' ch e l
brumar		FALSE	bru-'mar	b r u - ' m a r
brumărel		TRUE	bru-mă-'rel	b r u - m @ - ' r e l
bucățea		FALSE	bu-că-'țea	b u - k @ - ' ts e@ a
bucățel		TRUE	bu-că-'țel	b u - k @ - ' ts e l
buchet		FALSE	bu-'chet	b u - ' k e t
buchețel		TRUE	bu-che-'țel	b u - k e - ' ts e l
bucium		FALSE	'bu-cium	' b u - ch j u m
buciumaș		TRUE	bu-ciu-'maș	b u - ch j u - ' m a sh
bucluc		FALSE	bu-'cluc	b u - ' k l u k
buclucaș		TRUE	bu-clu-'caș	b u - k l u - ' k a sh
buhai		FALSE	bu-'hai	b u - ' h a j
buhăiaș		TRUE	bu-hă-'iaș	b u - h @ - ' j a sh
buiestraș		TRUE	bu-ies-'traș	b u - j e s - ' t r a sh
buiestru		FALSE	bu-'ies-tru	b u - ' j e s - t r u
bujor		FALSE	bu-'jor	b u - ' zh o r
bujoraș		TRUE	bu-jo-'raș	b u - zh o - ' r a sh
bujorel		TRUE	bu-jo-'rel	b u - zh o - ' r e l
bulgăraș		TRUE	bul-gă-'raș	b u l - g @ - ' r a sh
bulgăre		FALSE	'bul-gă-re	' b u l - g @ - r e
bumbac		FALSE	bum-'bac	b u m - ' b a k
bumbăcel		TRUE	bum-bă-'cel	b u m - b @ - ' ch e l
bun		FALSE	bun	b u n
bunel		TRUE	bu-'nel	b u - ' n e l
bunt		FALSE	bunt	b u n t
buntaș		TRUE	bun-'taș	b u n - ' t a sh
burduf		FALSE	bur-'duf	b u r - ' d u f
burdușel		TRUE	bur-du-'șel	b u r - d u - ' sh e l
buret		FALSE	bu-'ret	b u - ' r e t
burețel		TRUE	bu-re-'țel	b u - r e - ' ts e l
burghiaș		TRUE	bur-ghi-'aș	b u r - g i - ' a sh
burghiu		FALSE	bur-'ghiu	b u r - ' g j u
bursuc		FALSE	bur-'suc	b u r - ' s u k
bursucel		TRUE	bur-su-'cel	b u r - s u - ' ch e l
butoi		FALSE	bu-'toi	b u - ' t o j
butoiaș		TRUE	bu-to-'iaș	b u - t o - ' j a sh
butuc		FALSE	bu-'tuc	b u - ' t u k
butucaș		TRUE	bu-tu-'caș	b u - t u - ' k a sh
butucel		TRUE	bu-tu-'cel	b u - t u - ' ch e l
buzunar		FALSE	bu-zu-'nar	b u - z u - ' n a r
buzunăraș		TRUE	bu-zu-nă-'raș	b u - z u - n @ - ' r a sh
buzunărel		TRUE	bu-zu-nă-'rel	b u - z u - n @ - ' r e l
caftan		FALSE	caf-'tan	k a f - ' t a n
caic		FALSE	ca-'ic	k a - ' i k
caicel		TRUE	ca-i-'cel	k a - i - ' ch e l
caier		FALSE	'ca-ier	' k a - j e r
caiet		FALSE	ca-'iet	k a - ' j e t
caiețel		TRUE	ca-ie-'țel	k a - j e - ' ts e l
canar		FALSE	ca-'nar	k a - ' n a r
capac		FALSE	ca-'pac	k a - ' p a k
capital		FALSE	ca-pi-'tal	k a - p i - ' t a l
capitălaș		TRUE	ca-pi-tă-'laș	k a - p i - t @ - ' l a sh
capot		FALSE	ca-'pot	k a - ' p o t
capoțel		TRUE	ca-po-'țel	k a - p o - ' ts e l
caras		FALSE	ca-'ras	k a - ' r a s
caraulaș		TRUE	ca-ra-u-'laș	k a - r a - u - ' l a sh
caraulă		FALSE	ca-ra-'u-lă	k a - r a - ' u - l @
caretaș		TRUE	ca-re-'taș	k a - r e - ' t a sh
caretă		FALSE	ca-'re-tă	k a - ' r e - t @
carnet		FALSE	car-'net	k a r - ' n e t
carnețel		TRUE	car-ne-'țel	k a r - n e - ' ts e l
carpen		FALSE	'car-pen	' k a r - p e n
carton		FALSE	car-'ton	k a r - ' t o n
cartonaș		TRUE	car-to-'naș	k a r - t o - ' n a sh
castron		FALSE	cas-'tron	k a s - ' t r o n
castronaș		TRUE	cas-tro-'naș	k a s - t r o - ' n a sh
castronel		TRUE	cas-tro-'nel	k a s - t r o - ' n e l
cauză		FALSE	'ca-u-ză	' k a - u - z @
caval		FALSE	ca-'val	k a - ' v a l
cazan		FALSE	ca-'zan	k a - ' z a n
căftănel		TRUE	căf-tă-'nel	k @ f - t @ - ' n e l
căierel		TRUE	că-ie-'rel	k @ - j e - ' r e l
călare		FALSE	că-'la-re	k @ - ' l a - r e
călăraș		TRUE	că-lă-'raș	k @ - l @ - ' r a sh
călcâi		FALSE	căl-'cîi	k @ l - ' k a@ j
călcâiaș		TRUE	căl-cî-'iaș	k @ l - k a@ - ' j a sh
căldare		FALSE	căl-'da-re	k @ l - ' d a - r e
căldăraș		TRUE	căl-dă-'raș	k @ l - d @ - ' r a sh
călțun		FALSE	căl-'țun	k @ l - ' ts u n
călțunaș		TRUE	căl-țu-'naș	k @ l - ts u - ' n a sh
călugăr		FALSE	că-'lu-găr	k @ - ' l u - g @ r
călugăraș		TRUE	că-lu-gă-'raș	k @ - l u - g @ - ' r a sh
căluș		FALSE	că-'luș	k @ - ' l u sh
călușel		TRUE	că-lu-'șel	k @ - l u - ' sh e l
cămară		FALSE	că-'ma-ră	k @ - ' m a - r @
cămăraș		FALSE	că-mă-'raș	k @ - m @ - ' r a sh
cămărășel		TRUE	că-mă-ră-'șel	k @ - m @ - r @ - ' sh e l
cănăraș		TRUE	că-nă-'raș	k @ - n @ - ' r a sh
căpăcel		TRUE	că-pă-'cel	k @ - p @ - ' ch e l
căpitălaș		TRUE	că-pi-tă-'laș	k @ - p i - t @ - ' l a sh
căpitan		FALSE	că-pi-'tan	k @ - p i - ' t a n
căpitănaș		TRUE	că-pi-tă-'naș	k @ - p i - t @ - ' n a sh
căprior		FALSE	că-pri-'or	k @ - p r j - ' o r
căprioraș		TRUE	că-pri-o-'raș	k @ - p r j - o - ' r a sh
cărăbuș		FALSE	că-ră-'buș	k @ - r @ - ' b u sh
cărăbușel		TRUE	că-ră-bu-'șel	k @ - r @ - b u - ' sh e l
cărășel		TRUE	că-ră-'șel	k @ - r @ - ' sh e l
cărbunaș		TRUE	căr-bu-'naș	k @ r - b u - ' n a sh
cărbune		FALSE	căr-'bu-ne	k @ r - ' b u - n e
cărpinaș		TRUE	căr-pi-'naș	k @ r - p i - ' n a sh
căruțaș		TRUE	că-ru-'țaș	k @ - r u - ' ts a sh
căruță		FALSE	că-'ru-ță	k @ - ' r u - ts @
căuș		FALSE	că-'uș	k @ - ' u sh
căușel		TRUE	că-u-'șel	k @ - u - ' sh e l
căuzaș		TRUE	că-u-'zaș	k @ - u - ' z a sh
căvălaș		TRUE	că-vă-'laș	k @ - v @ - ' l a sh
căzănel		TRUE	că-ză-'nel	k @ - z @ - ' n e l
cântec		FALSE	cîn-'tec	k a@ n - ' t e k
cântecel		TRUE	cîn-te-'cel	k a@ n - t e - ' ch e l
cârcotaș		TRUE	cîr-co-'taș	k a@ r - k o - ' t a sh
cârcotă		FALSE	'cîr-co-tă	' k a@ r - k o - t @
cârlan		FALSE	cîr-'lan	k a@ r - ' l a n
cârlănaș		TRUE	cîr-lă-'naș	k a@ r - l @ - ' n a sh
cârlig		FALSE	cîr-'lig	k a@ r - ' l i g
cârligaș		TRUE	cîr-li-'gaș	k a@ r - l i - ' g a sh
cârligel		TRUE	cîr-li-'gel	k a@ r - l i - ' dz e l
cearcăn		FALSE	'cear-căn	' ch e@ a r - k @ n
ceată		FALSE	'cea-tă	' ch e@ a - t @
ceaun		FALSE	cea-'un	ch e@ a - ' u n
ceaunaș		TRUE	cea-u-'naș	ch e@ a - u - ' n a sh
ceauș		FALSE	'cea-uș	' ch e@ a - u sh
ceaușel		TRUE	cea-u-'șel	ch e@ a - u - ' sh e l
celar		FALSE	ce-'lar	ch e - ' l a r
celărel		TRUE	ce-lă-'rel	ch e - l @ - ' r e l
cerc		FALSE	cerc	ch e r k
cercănel		TRUE	cer-că-'nel	ch e r - k @ - ' n e l
cercetaș		TRUE	cer-ce-'taș	ch e r - ch e - ' t a sh
cercurel		TRUE	cer-cu-'rel	ch e r - k u - ' r e l
cerdac		FALSE	cer-'dac	ch e r - ' d a k
cerdăcel		TRUE	cer-dă-'cel	ch e r - d @ - ' ch e l
cetaș		TRUE	ce-'taș	ch e - ' t a sh
ceteraș		TRUE	ce-te-'raș	ch e - t e - ' r a sh
ceteră		FALSE	ce-te-'ră	ch e - t e - ' r @
chenar		FALSE	che-'nar	k e - ' n a r
chenăraș		TRUE	che-nă-'raș	k e - n @ - ' r a sh
chiabur		FALSE	chia-'bur	k j a - ' b u r
chiaburaș		TRUE	chia-bu-'raș	k j a - b u - ' r a sh
chimir		FALSE	chi-'mir	k i - ' m i r
chimiraș		TRUE	chi-mi-'raș	k i - m i - ' r a sh
chiriaș		TRUE	chi-ri-'aș	k i - r i - ' a sh
chirie		FALSE	chi-'ri-e	k i - ' r i - e
cimpoi		FALSE	cim-'poi	ch i m - ' p o j
cimpoiaș		TRUE	cim-po-'iaș	ch i m - p o - ' j a sh
cincar		FALSE	cin-'car	ch i n - ' k a r
cincărel		TRUE	cin-că-'rel	ch i n - k @ - ' r e l
cioban		FALSE	cio-'ban	ch j o - ' b a n
ciobănaș		TRUE	cio-bă-'naș	ch j o - b @ - ' n a sh
ciobănel		TRUE	cio-bă-'nel	ch j o - b @ - ' n e l
ciocan		FALSE	cio-'can	ch j o - ' k a n
ciocănaș		TRUE	cio-că-'naș	ch j o - k @ - ' n a sh
ciocănel		TRUE	cio-că-'nel	ch j o - k @ - ' n e l
ciocoi		FALSE	cio-'coi	ch j o - ' k o j
ciocoiaș		TRUE	cio-co-'iaș	ch j o - k o - ' j a sh
ciolan		FALSE	cio-'lan	ch j o - ' l a n
ciolănaș		TRUE	cio-lă-'naș	ch j o - l @ - ' n a sh
ciolănel		TRUE	cio-lă-'nel	ch j o - l @ - ' n e l
ciomag		FALSE	cio-'mag	ch j o - ' m a g
ciomăgaș		TRUE	cio-mă-'gaș	ch j o - m @ - ' g a sh
ciomăgel		TRUE	cio-mă-'gel	ch j o - m @ - ' dz e l
ciortan		FALSE	cior-'tan	ch j o r - ' t a n
ciortănaș		TRUE	cior-tă-'naș	ch j o r - t @ - ' n a sh
ciubăr		FALSE	ciu-'băr	ch j u - ' b @ r
ciubăraș		TRUE	ciu-bă-'raș	ch j u - b @ - ' r a sh
ciucuraș		TRUE	ciu-cu-'raș	ch j u - k u - ' r a sh
ciucure		FALSE	'ciu-cu-re	' ch j u - k u - r e
ciucurel		TRUE	ciu-cu-'rel	ch i w - k u - ' r e l
ciur		FALSE	ciur	ch j u r
ciurel		TRUE	ciu-'rel	ch j u - ' r e l
clacă		FALSE	'cla-că	' k l a - k @
clapon		FALSE	cla-'pon	k l a - ' p o n
claponaș		TRUE	cla-po-'naș	k l a - p o - ' n a sh
clavir		FALSE	cla-'vir	k l a - ' v i r
claviraș		TRUE	cla-vi-'raș	k l a - v i - ' r a sh
clăcaș		TRUE	clă-'caș	k l @ - ' k a sh
clocot		FALSE	'clo-cot	' k l o - k o t
clocoțel		TRUE	clo-co-'țel	k l o - k o - ' ts e l
clondir		FALSE	clon-'dir	k l o n - ' d i r
clondiraș		TRUE	clon-di-'raș	k l o n - d i - ' r a sh
clopot		FALSE	'clo-pot	' k l o - p o t
clopoțel		TRUE	clo-po-'țel	k l o - p o - ' ts e l
coadă		FALSE	'coa-dă	' k o@ a - d @
cocoș		FALSE	co-'coș	k o - ' k o sh
cocoșel		TRUE	co-co-'șel	k o - k o - ' sh e l
codan		FALSE	co-'dan	k o - ' d a n
codaș		TRUE	co-'daș	k o - ' d a sh
codănel		TRUE	co-dă-'nel	k o - d @ - ' n e l
cofăiaș		TRUE	co-fă-'iaș	k o - f @ - ' j a sh
cofăiel		TRUE	co-fă-'iel	k o - f @ - ' j e l
cofei		FALSE	co-'fei	k o - ' f e j
cojoc		FALSE	co-'joc	k o - ' zh o k
cojocel		TRUE	co-jo-'cel	k o - zh o - ' ch e l
colac		FALSE	co-'lac	k o - ' l a k
colăcel		TRUE	co-lă-'cel	k o - l @ - ' ch e l
colibaș		TRUE	co-li-'baș	k o - l i - ' b a sh
colibă		FALSE	co-'li-bă	k o - ' l i - b @
colnic		FALSE	col-'nic	k o l - ' n i k
colnicel		TRUE	col-ni-'cel	k o l - n i - ' ch e l
coltuc		FALSE	col-'tuc	k o l - ' t u k
coltucel		TRUE	col-tu-'cel	k o l - t u - ' ch e l
colțun		FALSE	col-'țun	k o l - ' ts u n
colțunaș		TRUE	col-țu-'naș	k o l - ts u - ' n a sh
comis		FALSE	co-'mis	k o - ' m i s
comișel		TRUE	co-mi-'șel	k o - m i - ' sh e l
completaș		TRUE	com-ple-'taș	k o m - p l e - ' t a sh
complot		FALSE	com-'plot	k o m - ' p l o t
complotaș		TRUE	com-plo-'taș	k o m - p l o - ' t a sh
condei		FALSE	con-'dei	k o n - ' d e j
condeiaș		TRUE	con-de-'iaș	k o n - d e - ' j a sh
condur		FALSE	con-'dur	k o n - ' d u r
conduraș		TRUE	con-du-'raș	k o n - d u - ' r a sh
contăș		FALSE	'con-tăș	' k o n - t @ sh
contășel		TRUE	con-tă-'șel	k o n - t @ - ' sh e l
copac		FALSE	co-'pac	k o - ' p a k
copăcel		TRUE	co-pă-'cel	k o - p @ - ' ch e l
copil		FALSE	co-'pil	k o - ' p i l
copilaș		TRUE	co-pi-'laș	k o - p i - ' l a sh
copoi		FALSE	co-'poi	k o - ' p o j
copoiaș		TRUE	co-po-'iaș	k o - p o - ' j a sh
corcod		FALSE	cor-'cod	k o r - ' k o d
corcodel		TRUE	cor-co-'del	k o r - k o - ' d e l
cordon		FALSE	cor-'don	k o r - ' d o n
cordonaș		TRUE	cor-do-'naș	k o r - d o - ' n a sh
coridor		FALSE	co-ri-'dor	k o - r i - ' d o r
coridoraș		TRUE	co-ri-do-'raș	k o - r i - d o - ' r a sh
corn		FALSE	corn	k o r n
cornățel		TRUE	cor-nă-'țel	k o r - n @ - ' ts e l
cort		FALSE	cort	k o r t
cortel		TRUE	cor-'tel	k o r - ' t e l
cortelaș		TRUE	cor-te-'laș	k o r - t e - ' l a sh
cosac		FALSE	co-'sac	k o - ' s a k
cosaș		TRUE	co-'saș	k o - ' s a sh
cosăcel		TRUE	co-să-'cel	k o - s @ - ' ch e l
cosiță		FALSE	co-'si-ță	k o - ' s i - ts @
cosițel		TRUE	co-si-'țel	k o - s i - ' ts e l
cotlon		FALSE	cot-'lon	k o t - ' l o n
cotlonaș		TRUE	cot-lo-'naș	k o t - l o - ' n a sh
covor		FALSE	co-'vor	k o - ' v o r
covoraș		TRUE	co-vo-'raș	k o - v o - ' r a sh
covrig		FALSE	co-'vrig	k o - ' v r i g
covrigel		TRUE	co-vri-'gel	k o - v r i - ' dz e l
crâmpei		FALSE	crîm-'pei	k r a@ m - ' p e j
crâmpeiaș		TRUE	crîm-pe-'iaș	k r a@ m - p e - ' j a sh
creion		FALSE	cre-'ion	k r e - ' j o n
creionaș		TRUE	cre-io-'naș	k r e - j o - ' n a sh
curcan		FALSE	cur-'can	k u r - ' k a n
cucon		FALSE	cu-'con	k u - ' k o n
cuconaș		TRUE	cu-co-'naș	k u - k o - ' n a sh
cufăr		FALSE	'cu-făr	' k u - f @ r
cufăraș		TRUE	cu-fă-'raș	k u - f @ - ' r a sh
culpaș		TRUE	cul-'paș	k u l - ' p a sh
culpă		FALSE	'cul-pă	' k u l - p @
cumătru		FALSE	cu-mă-'tru	k u - m @ - ' t r u
cumetrel		TRUE	cu-me-'trel	k u - m e - ' t r e l
cumnat		FALSE	cum-'nat	k u m - ' n a t
cumnățel		TRUE	cum-nă-'țel	k u m - n @ - ' ts e l
cuptor		FALSE	cup-'tor	k u p - ' t o r
cuptoraș		TRUE	cup-to-'raș	k u p - t o - ' r a sh
curcănaș		TRUE	cur-că-'naș	k u r - k @ - ' n a sh
cuțit		FALSE	cu-'țit	k u - ' ts i t
cuțitaș		TRUE	cu-ți-'taș	k u - ts i - ' t a sh
cuvânt		FALSE	cu-'vînt	k u - ' v a@ n t
cuvințel		TRUE	cu-vin-'țel	k u - v i n - ' ts e l
dascăl		FALSE	'das-căl	' d a s - k @ l
daună		FALSE	'da-u-nă	' d a - u - n @
dăscălaș		TRUE	dăs-că-'laș	d @ s - k @ - ' l a sh
dăunaș		TRUE	dă-u-'naș	d @ - u - ' n a sh
dârlog		FALSE	dîr-'log	d a@ r - ' l o g
dârlogel		TRUE	dîr-lo-'gel	d a@ r - l o - ' dz e l
decret		FALSE	de-'cret	d e - ' k r e t
decrețel		TRUE	de-cre-'țel	d e - k r e - ' ts e l
dediță		FALSE	de-'di-ță	d e - ' d i - ts @
dedițel		TRUE	de-di-'țel	d e - d i - ' ts e l
deget		FALSE	de-'get	d e - ' dz e t
degețel		TRUE	de-ge-'țel	d e - dz e - ' ts e l
desagă		FALSE	de-'sa-gă	d e - ' s a - g @
desăgel		TRUE	de-să-'gel	d e - s @ - ' dz e l
diac		FALSE	di-'ac	d i - ' a k
dicționar		FALSE	dic-ți-o-'nar	d i k - ts j - o - ' n a r
dicționăraș		TRUE	dic-ți-o-nă-'raș	d i k - ts j - o - n @ - ' r a sh
diecel		TRUE	di-e-'cel	d i - e - ' ch e l
dijmaș		TRUE	dij-'maș	d i zh - ' m a sh
dijmă		FALSE	'dij-mă	' d i zh - m @
director		FALSE	di-'rec-tor	d i - ' r e k - t o r
directoraș		TRUE	di-rec-to-'raș	d i - r e k - t o - ' r a sh
docar		FALSE	do-'car	d o - ' k a r
docăraș		TRUE	do-că-'raș	d o - k @ - ' r a sh
doctor		FALSE	'doc-tor	' d o k - t o r
doctoraș		TRUE	doc-to-'raș	d o k - t o - ' r a sh
doinaș		TRUE	doi-'naș	d o j - ' n a sh
doină		FALSE	'doi-nă	' d o j - n @
dovleac		FALSE	do-'vleac	d o - ' v l e@ a k
dovlecel		TRUE	do-vle-'cel	d o - v l e - ' ch e l
drum		FALSE	drum	d r u m
drumaș		TRUE	dru-'maș	d r u - ' m a sh
dulap		FALSE	du-'lap	d u - ' l a p
dulăpaș		TRUE	du-lă-'paș	d u - l @ - ' p a sh
enoriaș		TRUE	e-no-ri-'aș	e - n o - r i - ' a sh
enorie		FALSE	e-no-'ri-e	e - n o - ' r i - e
faptă		FALSE	'fap-tă	' f a p - t @
făget		FALSE	fă-'get	f @ - ' dz e t
făgețel		TRUE	fă-ge-'țel	f @ - dz e - ' ts e l
făptaș		TRUE	făp-'taș	f @ p - ' t a sh
fântână		FALSE	fîn-'tî-nă	f a@ n - ' t a@ - n @
fântânel		TRUE	fîn-tî-'nel	f a@ n - t a@ - ' n e l
fecior		FALSE	fe-'cior	f e - ' ch j o r
fecioraș		TRUE	fe-cio-'raș	f e - ch j o - ' r a sh
ferăstraș		TRUE	fe-răs-'traș	f e - r @ s - ' t r a sh
ferăstrău		FALSE	fe-răs-'trău	f e - r @ s - ' t r @ w
ficat		FALSE	fi-'cat	f i - ' k a t
ficățel		TRUE	fi-că-'țel	f i - k @ - ' ts e l
fierăstrăiaș		TRUE	fie-răs-tră-'iaș	f j e - r @ s - t r @ - ' j a sh
fierăstrău		FALSE	fie-răs-'trău	f j e - r @ s - ' t r @ w
fir		FALSE	fir	f i r
firicel		TRUE	fi-ri-'cel	f i - r i - ' ch e l
flacon		FALSE	fla-'con	f l a - ' k o n
flaconaș		TRUE	fla-co-'naș	f l a - k o - ' n a sh
flăcăiaș		TRUE	flă-că-'iaș	f l @ - k @ - ' j a sh
flăcău		FALSE	flă-'cău	f l @ - ' k @ w
flocos		FALSE	flo-'cos	f l o - ' k o s
flocoșel		TRUE	flo-co-'șel	f l o - k o - ' sh e l
fluier		FALSE	'flu-ier	' f l u - j e r
fluieraș		TRUE	flu-ie-'raș	f l u - j e - ' r a sh
flutur		FALSE	'flu-tur	' f l u - t u r
fluturaș		TRUE	flu-tu-'raș	f l u - t u - ' r a sh
fluture		FALSE	flu-'tu-re	f l u - ' t u - r e
fluturel		TRUE	flu-tu-'rel	f l u - t u - ' r e l
frasin		FALSE	'fra-sin	' f r a - s i n
frăsinel		TRUE	fră-si-'nel	f r @ - s i - ' n e l
fruntaș		TRUE	frun-'taș	f r u n - ' t a sh
frunte		FALSE	'frun-te	' f r u n - t e
fuior		FALSE	fu-'ior	f u - ' j o r
fuioraș		TRUE	fu-io-'raș	f u - j o - ' r a sh
funcționar		FALSE	func-ți-o-'nar	f u n k - ts j - o - ' n a r
funcționăraș		TRUE	func-ți-o-nă-'raș	f u n k - ts j - o - n @ - ' r a sh
fund		FALSE	fund	f u n d
fundaș		TRUE	fun-'daș	f u n - ' d a sh
fuștaș		TRUE	fuș-'taș	f u sh - ' t a sh
fuște	NOUN, Fem	FALSE	'fuș-te	' f u sh - t e
galben		FALSE	'gal-ben	' g a l - b e n
gard		FALSE	gard	g a r d
gavanos		FALSE	ga-va-'nos	g a - v a - ' n o s
gazetar		FALSE	ga-ze-'tar	g a - z e - ' t a r
gazetăraș		TRUE	ga-ze-tă-'raș	g a - z e - t @ - ' r a sh
gălbenaș		TRUE	găl-be-'naș	g @ l - b e - ' n a sh
gărdurel		TRUE	găr-du-'rel	g @ r - d u - ' r e l
găvănoșel		TRUE	gă-vă-no-'șel	g @ - v @ - n o - ' sh e l
gândac		FALSE	gîn-'dac	g a@ n - ' d a k
gândăcel		TRUE	gîn-dă-'cel	g a@ n - d @ - ' ch e l
geamantan		FALSE	gea-man-'tan	dz e@ a - m a n - ' t a n
geamăntănaș		TRUE	gea-măn-tă-'naș	dz e@ a - m @ n - t @ - ' n a sh
ghiborț		FALSE	ghi-'borț	g i - ' b o r ts
ghiborțaș		TRUE	ghi-bor-'țaș	g i - b o r - ' ts a sh
ghioc		FALSE	ghi-'oc	g j - ' o k
ghiocel		TRUE	ghi-o-'cel	g j - o - ' ch e l
ghiozdan		FALSE	ghioz-'dan	g j o z - ' d a n
ghiozdănaș		TRUE	ghioz-dă-'naș	g j o z - d @ - ' n a sh
ghiozdănel		TRUE	ghioz-dă-'nel	g j o z - d @ - ' n e l
gloată		FALSE	'gloa-tă	' g l o@ a - t @
glotaș		TRUE	glo-'taș	g l o - ' t a sh
goană		FALSE	'goa-nă	' g o@ a - n @
golan		FALSE	go-'lan	g o - ' l a n
golănel		TRUE	go-lă-'nel	g o - l @ - ' n e l
gonaș		TRUE	go-'naș	g o - ' n a sh
greier		FALSE	'gre-ier	' g r e - j e r
greieraș		TRUE	gre-ie-'raș	g r e - j e - ' r a sh
greierel		TRUE	gre-ie-'rel	g r e - j e - ' r e l
guler		FALSE	'gu-ler	' g u - l e r
guleraș		TRUE	gu-le-'raș	g u - l e - ' r a sh
haiduc		FALSE	hai-'duc	h a j - ' d u k
haiducel		TRUE	hai-du-'cel	h a j - d u - ' ch e l
haită		FALSE	'hai-tă	' h a j - t @
hartan		FALSE	har-'tan	h a r - ' t a n
harță		FALSE	'har-ță	' h a r - ts @
hăitaș		TRUE	hăi-'taș	h @ j - ' t a sh
hărtănaș		TRUE	hăr-tă-'naș	h @ r - t @ - ' n a sh
hărțaș		TRUE	hăr-'țaș	h @ r - ' ts a sh
hăț		FALSE	hăț	h @ ts
hățaș		TRUE	hă-'țaș	h @ - ' ts a sh
hârdăiaș		TRUE	hîr-dă-'iaș	h a@ r - d @ - ' j a sh
hârdău		FALSE	hîr-'dău	h a@ r - ' d @ w
holtei		FALSE	hol-'tei	h o l - ' t e j
holteiaș		TRUE	hol-te-'iaș	h o l - t e - ' j a sh
hulub		FALSE	hu-'lub	h u - ' l u b
hulubaș		TRUE	hu-lu-'baș	h u - l u - ' b a sh
hulubel		TRUE	hu-lu-'bel	h u - l u - ' b e l
iatac		FALSE	ia-'tac	j a - ' t a k
ibovnic		FALSE	i-'bov-nic	i - ' b o v - n i k
ibovnicel		TRUE	i-bov-ni-'cel	i - b o v - n i - ' ch e l
ibric		FALSE	i-'bric	i - ' b r i k
ibricel		TRUE	i-bri-'cel	i - b r i - ' ch e l
idol		FALSE	'i-dol	' i - d o l
idolaș		TRUE	i-do-'laș	i - d o - ' l a sh
iepuraș		TRUE	ie-pu-'raș	j e - p u - ' r a sh
iepure		FALSE	'ie-pu-re	' j e - p u - r e
ietăcel		TRUE	ie-tă-'cel	j e - t @ - ' ch e l
ilic		FALSE	i-'lic	i - ' l i k
ilicel		TRUE	i-li-'cel	i - l i - ' ch e l
industriaș		TRUE	in-dus-tri-'aș	i n - d u s - t r i - ' a sh
industrie		FALSE	in-'dus-tri-e	i n - ' d u s - t r i - e
inginer		FALSE	in-gi-'ner	i n - dz i - ' n e r
ingineraș		TRUE	in-gi-ne-'raș	i n - dz i - n e - ' r a sh
ispravnic		FALSE	is-'prav-nic	i s - ' p r a v - n i k
isprăvnicel		TRUE	is-prăv-ni-'cel	i s - p r @ v - n i - ' ch e l
ișlic		FALSE	iș-'lic	i sh - ' l i k
ișlicel		TRUE	iș-li-'cel	i sh - l i - ' ch e l
iubit		FALSE	iu-'bit	j u - ' b i t
iubițel		TRUE	iu-bi-'țel	j u - b i - ' ts e l
izvor		FALSE	iz-'vor	i z - ' v o r
izvoraș		TRUE	iz-vo-'raș	i z - v o - ' r a sh
înaintaș		TRUE	î-na-in-'taș	a@ - n a - i n - ' t a sh
înainte		FALSE	î-na-'in-te	a@ - n a - ' i n - t e
înger		FALSE	'în-ger	' a@ n - dz e r
îngeraș		TRUE	în-ge-'raș	a@ n - dz e - ' r a sh
îngerel		TRUE	în-ge-'rel	a@ n - dz e - ' r e l
însurat		FALSE	în-su-'rat	a@ n - s u - ' r a t
însurățel		TRUE	în-su-ră-'țel	a@ n - s u - r @ - ' ts e l
învățat		FALSE	în-vă-'țat	a@ n - v @ - ' ts a t
învățăcel		TRUE	în-vă-ță-'cel	a@ n - v @ - ts @ - ' ch e l
jac		FALSE	jac	zh a k
jăcaș		TRUE	jă-'caș	zh @ - ' k a sh
judecător		FALSE	ju-de-că-'tor	zh u - d e - k @ - ' t o r
judecătoraș		TRUE	ju-de-că-to-'raș	zh u - d e - k @ - t o - ' r a sh
jugan		FALSE	ju-'gan	zh u - ' g a n
jugănaș		TRUE	ju-gă-'naș	zh u - g @ - ' n a sh
jugănel		TRUE	ju-gă-'nel	zh u - g @ - ' n e l
juncan		FALSE	jun-'can	zh u n - ' k a n
juncănaș		TRUE	jun-că-'naș	zh u n - k @ - ' n a sh
june		FALSE	'ju-ne	' zh u - n e
junel		TRUE	ju-'nel	zh u - ' n e l
junelaș		TRUE	ju-ne-'laș	zh u - n e - ' l a sh
lacăt		FALSE	'la-căt	' l a - k @ t
laibăr		FALSE	'lai-băr	' l a j - b @ r
lampă		FALSE	'lam-pă	' l a m - p @
latură		FALSE	'la-tu-ră	' l a - t u - r @
lăcățel		TRUE	lă-că-'țel	l @ - k @ - ' ts e l
lăibăraș		TRUE	lăi-bă-'raș	l @ j - b @ - ' r a sh
lămpaș		TRUE	lăm-'paș	l @ m - ' p a sh
lăstar		FALSE	lăs-'tar	l @ s - ' t a r
lăstăraș		TRUE	lăs-tă-'raș	l @ s - t @ - ' r a sh
lăstărel		TRUE	lăs-tă-'rel	l @ s - t @ - ' r e l
lăstun		FALSE	lăs-'tun	l @ s - ' t u n
lăstunaș		TRUE	lăs-tu-'naș	l @ s - t u - ' n a sh
lăturaș		TRUE	lă-tu-'raș	l @ - t u - ' r a sh
leagăn		FALSE	'lea-găn	' l e@ a - g @ n
legănaș		TRUE	le-gă-'naș	l e - g @ - ' n a sh
legănel		TRUE	le-gă-'nel	l e - g @ - ' n e l
leu		FALSE	leu	l e w
leuaș		TRUE	le-'uaș	l e - ' w a sh
lighean		FALSE	li-'ghean	l i - ' g e@ a n
lighenaș		TRUE	li-ghe-'naș	l i - g e - ' n a sh
logofăt		FALSE	lo-go-'făt	l o - g o - ' f @ t
logofețel		TRUE	lo-go-fe-'țel	l o - g o - f e - ' ts e l
luntraș		TRUE	lun-'traș	l u n - ' t r a sh
luntre		FALSE	'lun-tre	' l u n - t r e
luptaș		TRUE	lup-'taș	l u p - ' t a sh
luptă		FALSE	'lup-tă	' l u p - t @
magazin		FALSE	ma-ga-'zin	m a - g a - ' z i n
magazinaș		TRUE	ma-ga-zi-'naș	m a - g a - z i - ' n a sh
mardeiaș		TRUE	mar-de-'iaș	m a r - d e - ' j a sh
margine		FALSE	'mar-gi-ne	' m a r - dz i - n e
martin		FALSE	mar-'tin	m a r - ' t i n
martinaș		TRUE	mar-ti-'naș	m a r - t i - ' n a sh
mazil		FALSE	ma-'zil	m a - ' z i l
mazilaș		TRUE	ma-zi-'laș	m a - z i - ' l a sh
mălai		FALSE	mă-'lai	m @ - ' l a j
mălăiaș		TRUE	mă-lă-'iaș	m @ - l @ - ' j a sh
mănunchi		FALSE	mă-'nunchi	m @ - ' n u n k j
mănunchiaș		TRUE	mă-nun-'chiaș	m @ - n u n - ' k j a sh
mărar		FALSE	mă-'rar	m @ - ' r a r
mărăcinaș		TRUE	mă-ră-ci-'naș	m @ - r @ - ch i - ' n a sh
mărăcine		FALSE	mă-ră-'ci-ne	m @ - r @ - ' ch i - n e
mărăraș		TRUE	mă-ră-'raș	m @ - r @ - ' r a sh
mărgăritar		FALSE	măr-gă-ri-'tar	m @ r - g @ - r i - ' t a r
mărgărităraș		TRUE	măr-gă-ri-tă-'raș	m @ r - g @ - r i - t @ - ' r a sh
mărgăritărel		TRUE	măr-gă-ri-tă-'rel	m @ r - g @ - r i - t @ - ' r e l
mărginaș		TRUE	măr-gi-'naș	m @ r - dz i - ' n a sh
mânaș		TRUE	mî-'naș	m a@ - ' n a sh
melean		FALSE	me-'lean	m e - ' l e@ a n
melenaș		TRUE	me-le-'naș	m e - l e - ' n a sh
meseriaș		TRUE	me-se-ri-'aș	m e - s e - r i - ' a sh
meserie		FALSE	me-se-'ri-e	m e - s e - ' r i - e
mesteacăn		FALSE	mes-'tea-căn	m e s - ' t e@ a - k @ n
mestecănaș		TRUE	mes-te-că-'naș	m e s - t e - k @ - ' n a sh
meșter		FALSE	'meș-ter	' m e sh - t e r
meșteraș		TRUE	meș-te-'raș	m e sh - t e - ' r a sh
mic		FALSE	mic	m i k
mieluș		FALSE	mie-'luș	m j e - ' l u sh
mielușel		TRUE	mie-lu-'șel	m j e - l u - ' sh e l
mijloc		FALSE	'mij-loc	' m i zh - l o k
mijlocaș		TRUE	mij-lo-'caș	m i zh - l o - ' k a sh
mijlocel		TRUE	mij-lo-'cel	m i zh - l o - ' ch e l
mititel		TRUE	mi-ti-'tel	m i - t i - ' t e l
mocan		FALSE	mo-'can	m o - ' k a n
mocănaș		TRUE	mo-că-'naș	m o - k @ - ' n a sh
morar		FALSE	mo-'rar	m o - ' r a r
morăraș		TRUE	mo-ră-'raș	m o - r @ - ' r a sh
morărel		TRUE	mo-ră-'rel	m o - r @ - ' r e l
morcov		FALSE	'mor-cov	' m o r - k o v
morcovel		TRUE	mor-co-'vel	m o r - k o - ' v e l
morun		FALSE	mo-'run	m o - ' r u n
morunaș		TRUE	mo-ru-'naș	m o - r u - ' n a sh
mosor		FALSE	mo-'sor	m o - ' s o r
mosoraș		TRUE	mo-so-'raș	m o - s o - ' r a sh
mosorel		TRUE	mo-so-'rel	m o - s o - ' r e l
moșneag		FALSE	moș-'neag	m o sh - ' n e@ a g
moșnegel		TRUE	moș-ne-'gel	m o sh - n e - ' dz e l
motan		FALSE	mo-'tan	m o - ' t a n
motănaș		TRUE	mo-tă-'naș	m o - t @ - ' n a sh
motănel		TRUE	mo-tă-'nel	m o - t @ - ' n e l
motoc		FALSE	mo-'toc	m o - ' t o k
motocel		TRUE	mo-to-'cel	m o - t o - ' ch e l
motor		FALSE	mo-'tor	m o - ' t o r
motoraș		TRUE	mo-to-'raș	m o - t o - ' r a sh
mugur		FALSE	'mu-gur	' m u - g u r
muguraș		TRUE	mu-gu-'raș	m u - g u - ' r a sh
mugurel		TRUE	mu-gu-'rel	m u - g u - ' r e l
mundir		FALSE	mun-'dir	m u n - ' d i r
mundiraș		TRUE	mun-di-'raș	m u n - d i - ' r a sh
munte		FALSE	mun-'te	m u n - ' t e
munticel		TRUE	mun-ti-'cel	m u n - t i - ' ch e l
mușat		FALSE	mu-'șat	m u - ' sh a t
mușețel		TRUE	mu-șe-'țel	m u - sh e - ' ts e l
nasture		FALSE	'nas-tu-re	' n a s - t u - r e
naș		FALSE	naș	n a sh
nădrag		FALSE	nă-'drag	n @ - ' d r a g
nădrăgel		TRUE	nă-dră-'gel	n @ - d r @ - ' dz e l
nănaș		TRUE	nă-'naș	n @ - ' n a sh
năsturaș		TRUE	năs-tu-'raș	n @ s - t u - ' r a sh
năsturel		TRUE	năs-tu-'rel	n @ s - t u - ' r e l
nășel		TRUE	nă-'șel	n @ - ' sh e l
neg		FALSE	neg	n e g
negel		TRUE	ne-'gel	n e - ' dz e l
negustor		FALSE	ne-gus-'tor	n e - g u s - ' t o r
negustoraș		TRUE	ne-gus-to-'raș	n e - g u s - t o - ' r a sh
nepot		FALSE	ne-'pot	n e - ' p o t
nepoțel		TRUE	ne-po-'țel	n e - p o - ' ts e l
nevoiaș		TRUE	ne-vo-'iaș	n e - v o - ' j a sh
nevoie		FALSE	ne-'vo-ie	n e - ' v o - j e
noroc		FALSE	no-'roc	n o - ' r o k
norocel		TRUE	no-ro-'cel	n o - r o - ' ch e l
nour		FALSE	'no-ur	' n o - u r
nouraș		TRUE	no-u-'raș	n o - u - ' r a sh
nourel		TRUE	no-u-'rel	n o - w - ' r e l
nun		FALSE	nun	n u n
nuntaș		TRUE	nun-'taș	n u n - ' t a sh
nuntă		FALSE	'nun-tă	' n u n - t @
oaste		FALSE	'oas-te	' o@ a s - t e
oblon		FALSE	o-'blon	o - ' b l o n
oblonaș		TRUE	o-blo-'naș	o - b l o - ' n a sh
obraz		FALSE	o-'braz	o - ' b r a z
obrăjel		TRUE	o-bră-'jel	o - b r @ - ' zh e l
ocnaș		TRUE	oc-'naș	o k - ' n a sh
ocnă		FALSE	'oc-nă	' o k - n @
ocol		FALSE	o-'col	o - ' k o l
ocolaș		TRUE	o-co-'laș	o - k o - ' l a sh
odaie		FALSE	o-'da-ie	o - ' d a - j e
odăiaș		TRUE	o-dă-'iaș	o - d @ - ' j a sh
odor		FALSE	o-'dor	o - ' d o r
odoraș		TRUE	o-do-'raș	o - d o - ' r a sh
ofițer		FALSE	o-fi-'țer	o - f i - ' ts e r
ofițeraș		TRUE	o-fi-țe-'raș	o - f i - ts e - ' r a sh
ogor		FALSE	o-'gor	o - ' g o r
ogoraș		TRUE	o-go-'raș	o - g o - ' r a sh
ogradă		FALSE	o-'gra-dă	o - ' g r a - d @
ogrădaș		TRUE	o-gră-'daș	o - g r @ - ' d a sh
oraș		FALSE	o-'raș	o - ' r a sh
orășel		TRUE	o-ră-'șel	o - r @ - ' sh e l
orândaș		TRUE	o-rîn-'daș	o - r a@ n - ' d a sh
orândă		FALSE	o-'rîn-dă	o - ' r a@ n - d @
ostaș		TRUE	os-'taș	o s - ' t a sh
ostrov		FALSE	os-'trov	o s - ' t r o v
ostrovel		TRUE	os-tro-'vel	o s - t r o - ' v e l
pachet		FALSE	pa-'chet	p a - ' k e t
pachețel		TRUE	pa-che-'țel	p a - k e - ' ts e l
pagubă		FALSE	'pa-gu-bă	' p a - g u - b @
pahar		FALSE	pa-'har	p a - ' h a r
paharnic		FALSE	pa-'har-nic	p a - ' h a r - n i k
palmă		FALSE	'pal-mă	' p a l - m @
paloș		FALSE	'pa-loș	' p a - l o sh
paltin		FALSE	'pal-tin	' p a l - t i n
palton		FALSE	pal-'ton	p a l - ' t o n
paltonaș		TRUE	pal-to-'naș	p a l - t o - ' n a sh
paner		FALSE	pa-'ner	p a - ' n e r
paneraș		TRUE	pa-ne-'raș	p a - n e - ' r a sh
pantalon		FALSE	pan-ta-'lon	p a n - t a - ' l o n
pantalonaș		TRUE	pan-ta-lo-'naș	p a n - t a - l o - ' n a sh
papuc		FALSE	pa-'puc	p a - ' p u k
papucaș		TRUE	pa-pu-'caș	p a - p u - ' k a sh
papucel		TRUE	pa-pu-'cel	p a - p u - ' ch e l
par		FALSE	par	p a r
pardesiaș		TRUE	par-de-si-'aș	p a r - d e - s i - ' a sh
pardesiu		FALSE	par-de-'siu	p a r - d e - ' s i w
parte		FALSE	par-'te	p a r - ' t e
păcurar		FALSE	pă-cu-'rar	p @ - k u - ' r a r
păcurăraș		TRUE	pă-cu-ră-'raș	p @ - k u - r @ - ' r a sh
păcurărel		TRUE	pă-cu-ră-'rel	p @ - k u - r @ - ' r e l
păgubaș		TRUE	pă-gu-'baș	p @ - g u - ' b a sh
păhăraș		TRUE	pă-hă-'raș	p @ - h @ - ' r a sh
păhărel		TRUE	pă-hă-'rel	p @ - h @ - ' r e l
păhărnicel		TRUE	pă-hăr-ni-'cel	p @ - h @ r - n i - ' ch e l
păianjen		FALSE	pă-'ian-jen	p @ - ' j a n - zh e n
păienjenel		TRUE	pă-ien-je-'nel	p @ - j e n - zh e - ' n e l
pălmaș		TRUE	păl-'maș	p @ l - ' m a sh
păloșel		TRUE	pă-lo-'șel	p @ - l o - ' sh e l
păltinaș		TRUE	păl-ti-'naș	p @ l - t i - ' n a sh
păltinel		TRUE	păl-ti-'nel	p @ l - t i - ' n e l
pământ		FALSE	pă-'mînt	p @ - ' m a@ n t
pămânțel		TRUE	pă-mîn-'țel	p @ - m a@ n - ' ts e l
păraș		TRUE	pă-'raș	p @ - ' r a sh
părinte		FALSE	pă-'rin-te	p @ - ' r i n - t e
părințel		TRUE	pă-rin-'țel	p @ - r i n - ' ts e l
părtaș		TRUE	păr-'taș	p @ r - ' t a sh
păstor		FALSE	păs-'tor	p @ s - ' t o r
păstoraș		TRUE	păs-to-'raș	p @ s - t o - ' r a sh
păstorel		TRUE	păs-to-'rel	p @ s - t o - ' r e l
pătrat		FALSE	pă-'trat	p @ - ' t r a t
pătrățel		TRUE	pă-tră-'țel	p @ - t r @ - ' ts e l
păun		FALSE	pă-'un	p @ - ' u n
păunaș		TRUE	pă-u-'naș	p @ - u - ' n a sh
păunel		TRUE	pă-u-'nel	p @ - u - ' n e l
pândaș		TRUE	pîn-'daș	p a@ n - ' d a sh
pândă		FALSE	'pîn-dă	' p a@ n - d @
pântec		FALSE	'pîn-tec	' p a@ n - t e k
pântecel		TRUE	pîn-te-'cel	p a@ n - t e - ' ch e l
pârâiaș		TRUE	pî-rî-'iaș	p a@ - r a@ - ' j a sh
pârâu		FALSE	'pî-rîu	' p a@ - r a@ w
pedestraș		TRUE	pe-des-'traș	p e - d e s - ' t r a sh
pedestru		FALSE	pe-'des-tru	p e - ' d e s - t r u
pelin		FALSE	pe-'lin	p e - ' l i n
pelinaș		TRUE	pe-li-'naș	p e - l i - ' n a sh
pepenaș		TRUE	pe-pe-'naș	p e - p e - ' n a sh
pepene		FALSE	'pe-pe-ne	' p e - p e - n e
pescar		FALSE	pes-'car	p e s - ' k a r
pescăraș		TRUE	pes-că-'raș	p e s - k @ - ' r a sh
pescărel		TRUE	pes-că-'rel	p e s - k @ - ' r e l
petic		FALSE	'pe-tic	' p e - t i k
peticel		TRUE	pe-ti-'cel	p e - t i - ' ch e l
pieptar		FALSE	piep-'tar	p j e p - ' t a r
pieptăn		FALSE	'piep-tăn	' p j e p - t @ n
pieptănaș		TRUE	piep-tă-'naș	p j e p - t @ - ' n a sh
pieptănel		TRUE	piep-tă-'nel	p j e p - t @ - ' n e l
pieptăraș		TRUE	piep-tă-'raș	p j e p - t @ - ' r a sh
pieptărel		TRUE	piep-tă-'rel	p j e p - t @ - ' r e l
pietros		FALSE	pie-'tros	p j e - ' t r o s
pietroșel		TRUE	pie-tro-'șel	p j e - t r o - ' sh e l
pihotaș		TRUE	pi-ho-'taș	p i - h o - ' t a sh
pihotă		FALSE	pi-'ho-tă	p i - ' h o - t @
pinten		FALSE	'pin-ten	' p i n - t e n
pintenaș		TRUE	pin-te-'naș	p i n - t e - ' n a sh
pisoi		FALSE	pi-'so-i	p i - ' s o - j
pisoiaș		TRUE	pi-so-'iaș	p i - s o - ' j a sh
pistol		FALSE	pis-'tol	p i s - ' t o l
pistolaș		TRUE	pis-to-'laș	p i s - t o - ' l a sh
pitar		FALSE	pi-'tar	p i - ' t a r
pitărel		TRUE	pi-tă-'rel	p i - t @ - ' r e l
pizmaș		TRUE	piz-'maș	p i z - ' m a sh
pizmă		FALSE	'piz-mă	' p i z - m @
pleașcă		FALSE	'pleaș-că	' p l e@ a sh - k @
pleșcaș		TRUE	pleș-'caș	p l e sh - ' k a sh
plocon		FALSE	plo-'con	p l o - ' k o n
ploconaș		TRUE	plo-co-'naș	p l o - k o - ' n a sh
ploscaș		TRUE	plos-'caș	p l o s - ' k a sh
ploscă		FALSE	'plos-că	' p l o s - k @
plutaș		TRUE	plu-'taș	p l u - ' t a sh
plută		FALSE	'plu-tă	' p l u - t @
pocher		FALSE	'po-cher	' p o - k e r
pocheraș		TRUE	po-che-'raș	p o - k e - ' r a sh
pod		FALSE	pod	p o d
podurel		TRUE	po-du-'rel	p o - d u - ' r e l
poet		FALSE	po-'et	p o - ' e t
poetaș		TRUE	po-e-'taș	p o - e - ' t a sh
pogon		FALSE	po-'gon	p o - ' g o n
pogonaș		TRUE	po-go-'naș	p o - g o - ' n a sh
poloboc		FALSE	po-lo-'boc	p o - l o - ' b o k
polobocel		TRUE	po-lo-bo-'cel	p o - l o - b o - ' ch e l
polog		FALSE	po-'log	p o - ' l o g
pologaș		TRUE	po-lo-'gaș	p o - l o - ' g a sh
pontaș		TRUE	pon-'taș	p o n - ' t a sh
porcoi		FALSE	por-'coi	p o r - ' k o j
porcoiaș		TRUE	por-co-'iaș	p o r - k o - ' j a sh
portar		FALSE	por-'tar	p o r - ' t a r
portărel		TRUE	por-tă-'rel	p o r - t @ - ' r e l
porumb		FALSE	po-'rumb	p o - ' r u m b
porumbaș		TRUE	po-rum-'baș	p o - r u m - ' b a sh
porumbel		TRUE	po-rum-'bel	p o - r u m - ' b e l
postelnic		FALSE	pos-'tel-nic	p o s - ' t e l - n i k
postelnicel		TRUE	pos-tel-ni-'cel	p o s - t e l - n i - ' ch e l
poștaș		TRUE	poș-'taș	p o sh - ' t a sh
poștă		FALSE	'poș-tă	' p o sh - t @
potcaș		TRUE	pot-'caș	p o t - ' k a sh
potcă		FALSE	'pot-că	' p o t - k @
poteraș		TRUE	po-te-'raș	p o - t e - ' r a sh
poteră		FALSE	'po-te-ră	' p o - t e - r @
potir		FALSE	po-'tir	p o - ' t i r
potiraș		TRUE	po-ti-'raș	p o - t i - ' r a sh
povestaș		TRUE	po-ves-'taș	p o - v e s - ' t a sh
poveste		FALSE	po-'ves-te	p o - ' v e s - t e
praștie		FALSE	'praș-ti-e	' p r a sh - t i - e
prăștiaș		TRUE	prăș-ti-'aș	p r @ sh - t i - ' a sh
prăvăliaș		TRUE	pră-vă-li-'aș	p r @ - v @ - l i - ' a sh
prăvălie		FALSE	pră-vă-'li-e	p r @ - v @ - ' l i - e
priboi		FALSE	pri-bo-'i	p r i - b o - ' j
priboiaș		TRUE	pri-bo-'iaș	p r i - b o - ' j a sh
pricinaș		TRUE	pri-ci-'naș	p r i - ch i - ' n a sh
pricină		FALSE	'pri-ci-nă	' p r i - ch i - n @
profesor		FALSE	pro-'fe-sor	p r o - ' f e - s o r
profesoraș		TRUE	pro-fe-so-'raș	p r o - f e - s o - ' r a sh
prosop		FALSE	pro-'sop	p r o - ' s o p
prosopel		TRUE	pro-so-'pel	p r o - s o - ' p e l
prund		FALSE	prund	p r u n d
prundaș		TRUE	prun-'daș	p r u n - ' d a sh
prundăraș		TRUE	prun-dă-'raș	p r u n - d @ - ' r a sh
prunduiaș		TRUE	prun-du-'iaș	p r u n - d u - ' j a sh
prundurel		TRUE	prun-du-'rel	p r u n - d u - ' r e l
puchi		FALSE	puchi	p u k j
puchițel		TRUE	pu-chi-'țel	p u - k i - ' ts e l
pumn		FALSE	pumn	p u m n
pumnaș		TRUE	pum-'naș	p u m - ' n a sh
pumnicel		TRUE	pum-ni-'cel	p u m - n i - ' ch e l
pungaș		TRUE	pun-'gaș	p u n - ' g a sh
pungă		FALSE	'pun-gă	' p u n - g @
purcel		FALSE	pur-'cel	p u r - ' ch e l
purcelaș		TRUE	pur-ce-'laș	p u r - ch e - ' l a sh
purcoiaș		TRUE	pur-co-'iaș	p u r - k o - ' j a sh
puricaș		TRUE	pu-ri-'caș	p u - r i - ' k a sh
purice		FALSE	'pu-ri-ce	' p u - r i - ch e
puricel		TRUE	pu-ri-'cel	p u - r i - ' ch e l
pușcaș		TRUE	puș-'caș	p u sh - ' k a sh
pușcă		FALSE	'puș-că	' p u sh - k @
pușcăriaș		TRUE	puș-că-ri-'aș	p u sh - k @ - r i - ' a sh
pușcărie		FALSE	puș-că-'ri-e	p u sh - k @ - ' r i - e
rachiaș		TRUE	ra-chi-'aș	r a - k i - ' a sh
rachiu		FALSE	ra-'chiu	r a - ' k i w
răcan		FALSE	ră-'can	r @ - ' k a n
răcănel		TRUE	ră-că-'nel	r @ - k @ - ' n e l
rățoi		FALSE	ră-'țoi	r @ - ' ts o j
rățoiaș		TRUE	ră-țo-'iaș	r @ - ts o - ' j a sh
răvaș		FALSE	ră-'vaș	r @ - ' v a sh
răvășel		TRUE	ră-vă-'șel	r @ - v @ - ' sh e l
rândaș		TRUE	rîn-'daș	r a@ n - ' d a sh
rândunea		FALSE	rîn-du-'nea	r a@ n - d u - ' n e@ a
rândunel		TRUE	rîn-du-'nel	r a@ n - d u - ' n e l
reporter		FALSE	re-'por-ter	r e - ' p o r - t e r
reporteraș		TRUE	re-por-te-'raș	r e - p o r - t e - ' r a sh
roată		FALSE	'roa-tă	' r o@ a - t @
român		FALSE	ro-'mîn	r o - ' m a@ n
românaș		TRUE	ro-mî-'naș	r o - m a@ - ' n a sh
rotaș		TRUE	ro-'taș	r o - ' t a sh
rupt		FALSE	rupt	r u p t
ruptaș		TRUE	rup-'taș	r u p - ' t a sh
salon		FALSE	sa-'lon	s a - ' l o n
salonaș		TRUE	sa-lo-'naș	s a - l o - ' n a sh
sat		FALSE	sat	s a t
săgeată		FALSE	să-'gea-tă	s @ - ' dz e@ a - t @
săgetaș		TRUE	să-ge-'taș	s @ - dz e - ' t a sh
sălaș		FALSE	să-'laș	s @ - ' l a sh
sălășel		TRUE	să-lă-'șel	s @ - l @ - ' sh e l
săpun		FALSE	să-'pun	s @ - ' p u n
săpunel		TRUE	să-pu-'nel	s @ - p u - ' n e l
săticel		TRUE	să-ti-'cel	s @ - t i - ' ch e l
sâmbraș		TRUE	sîm-'braș	s a@ m - ' b r a sh
sâmbră		FALSE	sîm-'bră	s a@ m - ' b r @
sâmbure		FALSE	'sîm-bu-re	' s a@ m - b u - r e
sâmburel		TRUE	sîm-bu-'rel	s a@ m - b u - ' r e l
scaun		FALSE	sca-'un	s k a - ' u n
scăunaș		TRUE	scă-u-'naș	s k @ - u - ' n a sh
scăunel		TRUE	scă-u-'nel	s k @ - u - ' n e l
schimb		FALSE	schimb	s k i m b
schimbaș		TRUE	schim-'baș	s k i m - ' b a sh
scorțar		FALSE	scor-'țar	s k o r - ' ts a r
scorțăraș		TRUE	scor-ță-'raș	s k o r - ts @ - ' r a sh
scorțărel		TRUE	scor-ță-'rel	s k o r - ts @ - ' r e l
scriitor		FALSE	scri-i-'tor	s k r i - i - ' t o r
scriitoraș		TRUE	scri-i-to-'raș	s k r i - i - t o - ' r a sh
sertar		FALSE	ser-'tar	s e r - ' t a r
sertăraș		TRUE	ser-tă-'raș	s e r - t @ - ' r a sh
sertărel		TRUE	ser-tă-'rel	s e r - t @ - ' r e l
sfeșnic		FALSE	'sfeș-nic	' s f e sh - n i k
sfeșnicel		TRUE	sfeș-ni-'cel	s f e sh - n i - ' ch e l
sibiaș		TRUE	si-bi-'aș	s i - b i - ' a sh
sibiu		FALSE	si-'biu	s i - ' b i w
sicriaș		TRUE	si-cri-'aș	s i - k r i - ' a sh
sicriu		FALSE	si-'criu	s i - ' k r i w
simbriaș		TRUE	sim-bri-'aș	s i m - b r i - ' a sh
simbrie		FALSE	sim-'bri-e	s i m - ' b r i - e
sineț		FALSE	si-'neț	s i - ' n e ts
sinețel		TRUE	si-ne-'țel	s i - n e - ' ts e l
sipet		FALSE	si-'pet	s i - ' p e t
sipețel		TRUE	si-pe-'țel	s i - p e - ' ts e l
slujbaș		TRUE	sluj-'baș	s l u zh - ' b a sh
slujbă		FALSE	'sluj-bă	' s l u zh - b @
soldat		FALSE	sol-'dat	s o l - ' d a t
soldățel		TRUE	sol-dă-'țel	s o l - d @ - ' ts e l
spătar		FALSE	spă-'tar	s p @ - ' t a r
spătărel		TRUE	spă-tă-'rel	s p @ - t @ - ' r e l
stânjen		FALSE	stîn-'jen	s t a@ n - ' zh e n
stânjenel		TRUE	stîn-je-'nel	s t a@ n - zh e - ' n e l
stejar		FALSE	ste-'jar	s t e - ' zh a r
stejăraș		TRUE	ste-jă-'raș	s t e - zh @ - ' r a sh
stejărel		TRUE	ste-jă-'rel	s t e - zh @ - ' r e l
sticlete		FALSE	'sti-cle-te	' s t i - k l e - t e
sticlețel		TRUE	sti-cle-'țel	s t i - k l e - ' ts e l
stolnic		FALSE	stol-'nic	s t o l - ' n i k
stolnicel		TRUE	stol-ni-'cel	s t o l - n i - ' ch e l
strigoi		FALSE	stri-'goi	s t r i - ' g o j
strigoiaș		TRUE	stri-go-'iaș	s t r i - g o - ' j a sh
struguraș		TRUE	stru-gu-'raș	s t r u - g u - ' r a sh
strugure		FALSE	'stru-gu-re	' s t r u - g u - r e
strugurel		TRUE	stru-gu-'rel	s t r u - g u - ' r e l
suflet		FALSE	'su-flet	' s u - f l e t
suflețel		TRUE	su-fle-'țel	s u - f l e - ' ts e l
sulițaș		TRUE	su-li-'țaș	s u - l i - ' ts a sh
suliță		FALSE	'su-li-ță	' s u - l i - ts @
suman		FALSE	su-'man	s u - ' m a n
sumănel		TRUE	su-mă-'nel	s u - m @ - ' n e l
sunduc		FALSE	'sun-duc	' s u n - d u k
sunducel		TRUE	sun-du-'cel	s u n - d u - ' ch e l
surlaș		TRUE	sur-'laș	s u r - ' l a sh
surlă		FALSE	'sur-lă	' s u r - l @
surtuc		FALSE	sur-'tuc	s u r - ' t u k
surtucaș		TRUE	sur-tu-'caș	s u r - t u - ' k a sh
surtucel		TRUE	sur-tu-'cel	s u r - t u - ' ch e l
sutaș		TRUE	su-'taș	s u - ' t a sh
sută		FALSE	'su-tă	' s u - t @
șanț		FALSE	șanț	sh a n ts
șarpe		FALSE	'șar-pe	' sh a r - p e
șănțurel		TRUE	șăn-țu-'rel	sh @ n - ts u - ' r e l
șerpa		FALSE	'șer-pa	' sh e r - p a
șerpar		FALSE	șer-'par	sh e r - ' p a r
șerpăraș		TRUE	șer-pă-'raș	sh e r - p @ - ' r a sh
șerpurel		TRUE	șer-pu-'rel	sh e r - p u - ' r e l
șervet		FALSE	șer-'vet	sh e r - ' v e t
șervețel		TRUE	șer-ve-'țel	sh e r - v e - ' ts e l
șip		FALSE	șip	sh i p
șipot		FALSE	'și-pot	' sh i - p o t
șipoțel		TRUE	și-po-'țel	sh i - p o - ' ts e l
șipurel		TRUE	și-pu-'rel	sh i - p u - ' r e l
șiret		FALSE	și-'ret	sh i - ' r e t
șirețel		TRUE	și-re-'țel	sh i - r e - ' ts e l
șiștar		FALSE	șiș-'tar	sh i sh - ' t a r
șiștărel		TRUE	șiș-tă-'rel	sh i sh - t @ - ' r e l
șoarece		FALSE	'șoa-re-ce	' sh o@ a - r e - ch e
șofran		FALSE	șo-'fran	sh o - ' f r a n
șofrănaș		TRUE	șo-fră-'naș	sh o - f r @ - ' n a sh
șofrănel		TRUE	șo-fră-'nel	sh o - f r @ - ' n e l
șomoiog		FALSE	șo-mo-'iog	sh o - m o - ' j o g
șomoiogel		TRUE	șo-mo-io-'gel	sh o - m o - j o - ' dz e l
șoricel		TRUE	șo-ri-'cel	sh o - r i - ' ch e l
ștergar		FALSE	șter-'gar	sh t e r - ' g a r
ștergărel		TRUE	șter-gă-'rel	sh t e r - g @ - ' r e l
știubei		FALSE	știu-'bei	sh t j u - ' b e j
știubeiaș		TRUE	știu-be-'iaș	sh t j u - b e - ' j a sh
șugar		FALSE	șu-'gar	sh u - ' g a r
șugărel		TRUE	șu-gă-'rel	sh u - g @ - ' r e l
șurub		FALSE	șu-'rub	sh u - ' r u b
șurubel		TRUE	șu-ru-'bel	sh u - r u - ' b e l
talger		FALSE	'tal-ger	' t a l - dz e r
talgeraș		TRUE	tal-ge-'raș	t a l - dz e - ' r a sh
tartan		FALSE	tar-'tan	t a r - ' t a n
taur		FALSE	'ta-ur	' t a - u r
tăbăraș		TRUE	tă-bă-'raș	t @ - b @ - ' r a sh
tăciunaș		TRUE	tă-ciu-'naș	t @ - ch j u - ' n a sh
tăciune		FALSE	tă-'ciu-ne	t @ - ' ch j u - n e
tălgerel		TRUE	tăl-ge-'rel	t @ l - dz e - ' r e l
tărtănaș		TRUE	tăr-tă-'naș	t @ r - t @ - ' n a sh
tătar		FALSE	tă-'tar	t @ - ' t a r
tătăraș		TRUE	tă-tă-'raș	t @ - t @ - ' r a sh
tăuraș		TRUE	tă-u-'raș	t @ - u - ' r a sh
tânăr		FALSE	'tî-năr	' t a@ - n @ r
târlaș		TRUE	tîr-'laș	t a@ r - ' l a sh
târlă	NOUN, Fem	FALSE	'tîr-lă	' t a@ r - l @
tinerel		TRUE	ti-ne-'rel	t i - n e - ' r e l
tobaș		TRUE	to-'baș	t o - ' b a sh
tobă		FALSE	'to-bă	' t o - b @
tocmagi		FALSE	toc-'magi	t o k - ' m a dz j
tocmăgel		TRUE	toc-mă-'gel	t o k - m @ - ' dz e l
toiag		FALSE	to-'iag	t o - ' j a g
toiegel		TRUE	to-ie-'gel	t o - j e - ' dz e l
tolbaș		TRUE	tol-'baș	t o l - ' b a sh
tolbă		FALSE	'tol-bă	' t o l - b @
topor		FALSE	to-'por	t o - ' p o r
toporaș		TRUE	to-po-'raș	t o - p o - ' r a sh
toporel		TRUE	to-po-'rel	t o - p o - ' r e l
tort		FALSE	tort	t o r t
torțel		TRUE	tor-'țel	t o r - ' ts e l
toval		FALSE	to-'val	t o - ' v a l
tovălaș		TRUE	to-vă-'laș	t o - v @ - ' l a sh
trandafir		FALSE	tran-da-'fir	t r a n - d a - ' f i r
trandafiraș		TRUE	tran-da-fi-'raș	t r a n - d a - f i - ' r a sh
trandafirel		TRUE	tran-da-fi-'rel	t r a n - d a - f i - ' r e l
trap		FALSE	trap	t r a p
trăpaș		TRUE	tră-'paș	t r @ - ' p a sh
trâmbițaș		TRUE	trîm-bi-'țaș	t r a@ m - b i - ' ts a sh
trâmbiță		FALSE	'trîm-bi-ță	' t r a@ m - b i - ts @
trifoi		FALSE	tri-'foi	t r i - ' f o j
trifoiaș		TRUE	tri-fo-'iaș	t r i - f o - ' j a sh
trompetaș		TRUE	trom-pe-'taș	t r o m - p e - ' t a sh
trompetă		FALSE	trom-'pe-tă	t r o m - ' p e - t @
tulburel		TRUE	tul-bu-'rel	t u l - b u - ' r e l
tulnic		FALSE	'tul-nic	' t u l - n i k
tulnicaș		TRUE	tul-ni-'caș	t u l - n i - ' k a sh
turbure		FALSE	tur-'bu-re	t u r - ' b u - r e
turturea		FALSE	tur-tu-'rea	t u r - t u - ' r e@ a
turturel		TRUE	tur-tu-'rel	t u r - t u - ' r e l
țânțar		FALSE	țîn-'țar	ts a@ n - ' ts a r
țânțăraș		TRUE	țîn-ță-'raș	ts a@ n - ts @ - ' r a sh
țigan		FALSE	ți-'gan	ts i - ' g a n
țigănaș		TRUE	ți-gă-'naș	ts i - g @ - ' n a sh
țigănel		TRUE	ți-gă-'nel	ts i - g @ - ' n e l
țimir		FALSE	ți-'mir	ts i - ' m i r
țimiraș		TRUE	ți-mi-'raș	ts i - m i - ' r a sh
țintaș		TRUE	țin-'taș	ts i n - ' t a sh
țintă		FALSE	'țin-tă	' ts i n - t @
ținutaș		TRUE	ți-nu-'taș	ts i - n u - ' t a sh
ucig		FALSE	u-'cig	u - ' ch i g
ucigaș		TRUE	u-ci-'gaș	u - ch i - ' g a sh
uiemaș		TRUE	u-ie-'maș	u - j e - ' m a sh
uium		FALSE	u-'ium	u - ' j u m
ulcior		FALSE	ul-'cior	u l - ' ch j o r
ulcioraș		TRUE	ul-cio-'raș	u l - ch j o - ' r a sh
umăr		FALSE	'u-măr	' u - m @ r
umeraș		TRUE	u-me-'raș	u - m e - ' r a sh
unchi		FALSE	unchi	u n k j
unchiaș		TRUE	un-chi-'aș	u n - k i - ' a sh
uncrop		FALSE	un-'crop	u n - ' k r o p
uncropel		TRUE	un-cro-'pel	u n - k r o - ' p e l
ungur		FALSE	'un-gur	' u n - g u r
unguraș		TRUE	un-gu-'raș	u n - g u - ' r a sh
urcior		FALSE	ur-'cior	u r - ' ch j o r
urcioraș		TRUE	ur-cio-'raș	u r - ch j o - ' r a sh
urma		FALSE	ur-'ma	u r - ' m a
urmaș		TRUE	ur-'maș	u r - ' m a sh
val		FALSE	val	v a l
vapor		FALSE	va-'por	v a - ' p o r
vaporaș		TRUE	va-po-'raș	v a - p o - ' r a sh
vălurel		TRUE	vă-lu-'rel	v @ - l u - ' r e l
vătaf		FALSE	vă-'taf	v @ - ' t a f
vătășel		TRUE	vă-tă-'șel	v @ - t @ - ' sh e l
vânt		FALSE	vînt	v a@ n t
vânticel		TRUE	vîn-ti-'cel	v a@ n - t i - ' ch e l
vânturel		TRUE	vîn-tu-'rel	v a@ n - t u - ' r e l
vâslaș		TRUE	vîs-'laș	v a@ s - ' l a sh
vâslă		FALSE	'vîs-lă	' v a@ s - l @
vergea		FALSE	ver-'gea	v e r - ' dz e@ a
vergel		TRUE	ver-'gel	v e r - ' dz e l
verigă		FALSE	ve-'ri-gă	v e - ' r i - g @
verigel		TRUE	ve-ri-'gel	v e - r i - ' dz e l
vers		FALSE	vers	v e r s
versurel		TRUE	ver-su-'rel	v e r - s u - ' r e l
vinderel		TRUE	vin-de-'rel	v i n - d e - ' r e l
vindereu		FALSE	vin-de-'reu	v i n - d e - ' r e w
vistiernic		FALSE	vis-ti-'er-nic	v i s - t i - ' e r - n i k
vistiernicel		TRUE	vis-ti-er-ni-'cel	v i s - t i - e r - n i - ' ch e l
vișin		FALSE	'vi-șin	' v i - sh i n
vișinel		TRUE	vi-și-'nel	v i - sh i - ' n e l
voinic		FALSE	'voi-nic	' v o j - n i k
voinicaș		TRUE	voi-ni-'caș	v o j - n i - ' k a sh
voinicel		TRUE	voi-ni-'cel	v o j - n i - ' ch e l
volan		FALSE	vo-'lan	v o - ' l a n
volănaș		TRUE	vo-lă-'naș	v o - l @ - ' n a sh
volintir		FALSE	vo-lin-'tir	v o - l i n - ' t i r
volintiraș		TRUE	vo-lin-ti-'raș	v o - l i n - t i - ' r a sh
voloc		FALSE	vo-'loc	v o - ' l o k
volocel		TRUE	vo-lo-'cel	v o - l o - ' ch e l
volum		FALSE	vo-'lum	v o - ' l u m
volumaș		TRUE	vo-lu-'maș	v o - l u - ' m a sh
vornic		FALSE	vor-'nic	v o r - ' n i k
vornicel		TRUE	vor-ni-'cel	v o r - n i - ' ch e l
vreasc		FALSE	vreasc	v r e@ a s k
vrescurel		TRUE	vres-cu-'rel	v r e s - k u - ' r e l
vultur		FALSE	vul-'tur	v u l - ' t u r
vulturaș		TRUE	vul-tu-'raș	v u l - t u - ' r a sh
vulturel		TRUE	vul-tu-'rel	v u l - t u - ' r e l
zahăr		FALSE	'za-hăr	' z a - h @ r
zarzăr		FALSE	'zar-zăr	' z a r - z @ r
zăbun		FALSE	ză-'bun	z @ - ' b u n
zăbunaș		TRUE	ză-bu-'naș	z @ - b u - ' n a sh
zăbunel		TRUE	ză-bu-'nel	z @ - b u - ' n e l
zăhărel		TRUE	ză-hă-'rel	z @ - h @ - ' r e l
zărzăraș		TRUE	zăr-ză-'raș	z @ r - z @ - ' r a sh
zărzărel		TRUE	zăr-ză-'rel	z @ r - z @ - ' r e l
zăvor		FALSE	ză-'vor	z @ - ' v o r
zăvoraș		TRUE	ză-vo-'raș	z @ - v o - ' r a sh
zestraș		TRUE	zes-'traș	z e s - ' t r a sh
zestre		FALSE	'zes-tre	' z e s - t r e
zgripțor		FALSE	'zgrip-țor	' z g r i p - ts o r
zgripțoraș		TRUE	zgrip-țo-'raș	z g r i p - ts o - ' r a sh
zi		FALSE	zi	z i
zicaș		TRUE	zi-'caș	z i - ' k a sh
zicălaș		TRUE	zi-că-'laș	z i - k @ - ' l a sh
zid		FALSE	zid	z i d
zidurel		TRUE	zi-du-'rel	z i - d u - ' r e l
zilaș		TRUE	zi-'laș	z i - ' l a sh
zlot		FALSE	zlot	z l o t
zlotaș		TRUE	zlo-'taș	z l o - ' t a sh
zuluf		FALSE	zu-'luf	z u - ' l u f
zulufel		TRUE	zu-lu-'fel	z u - l u - ' f e l
